Workbook

Sheet Trade Data & Calculations
A1: Date | B1: Expiry | C1: Entry Spot | D1: Strike Sold | E1: Premium Received | F1: Lot Size | G1: Expiry P&L (₹) | H1: Cumulative P&L | I1: Running Peak | J1: Drawdown | K1: Excess Return
A2: 2022-01-03 | B2: 2022-01-31 | C2: 36000 | D2: 36200 | E2: 999.65 | F2: 25 | G2: 29991.25 | H2: =G2 -> 29991.25 | I2: =H2 -> 29991.25 | J2: =H2-I2 -> 0 | K2: =G2-0.005417 -> 29991.245
A3: 2022-02-01 | B3: 2022-02-28 | C3: 37100 | D3: 37300 | E3: 2337.4 | F3: 25 | G3: 55935 | H3: =H2+G3 -> 85926.25 | I3: =MAX(I2,H3) -> 85926.25 | J3: =H3-I3 -> 0 | K3: =G3-0.005417 -> 55934.995
A4: 2022-03-02 | B4: 2022-03-31 | C4: 37000 | D4: 37200 | E4: 249.55 | F4: 25 | G4: -28761.25 | H4: =H3+G4 -> 57165 | I4: =MAX(I3,H4) -> 85926.25 | J4: =H4-I4 -> -28761.25 | K4: =G4-0.005417 -> -28761.255
A5: 2022-04-01 | B5: 2022-04-29 | C5: 35600 | D5: 35800 | E5: 2166.35 | F5: 25 | G5: 59158.75 | H5: =H4+G5 -> 116323.75 | I5: =MAX(I4,H5) -> 116323.75 | J5: =H5-I5 -> 0 | K5: =G5-0.005417 -> 59158.745
A6: 2022-05-02 | B6: 2022-05-31 | C6: 36600 | D6: 36800 | E6: 451.5 | F6: 25 | G6: -31212.5 | H6: =H5+G6 -> 85111.25 | I6: =MAX(I5,H6) -> 116323.75 | J6: =H6-I6 -> -31212.5 | K6: =G6-0.005417 -> -31212.505
A7: 2022-06-01 | B7: 2022-06-30 | C7: 34900 | D7: 35100 | E7: 917.3 | F7: 25 | G7: 5432.5 | H7: =H6+G7 -> 90543.75 | I7: =MAX(I6,H7) -> 116323.75 | J7: =H7-I7 -> -25780 | K7: =G7-0.005417 -> 5432.4946
A8: 2022-07-01 | B8: 2022-07-29 | C8: 33900 | D8: 34100 | E8: 1918.2 | F8: 25 | G8: 52955 | H8: =H7+G8 -> 143498.75 | I8: =MAX(I7,H8) -> 143498.75 | J8: =H8-I8 -> 0 | K8: =G8-0.005417 -> 52954.995
A9: 2022-08-01 | B9: 2022-08-30 | C9: 35700 | D9: 35900 | E9: 3258.55 | F9: 25 | G9: 86463.75 | H9: =H8+G9 -> 229962.5 | I9: =MAX(I8,H9) -> 229962.5 | J9: =H9-I9 -> 0 | K9: =G9-0.005417 -> 86463.745
A10: 2022-09-01 | B10: 2022-09-30 | C10: 37800 | D10: 38000 | E10: 1257.3 | F10: 25 | G10: 36432.5 | H10: =H9+G10 -> 266395 | I10: =MAX(I9,H10) -> 266395 | J10: =H10-I10 -> 0 | K10: =G10-0.005417 -> 36432.495
A11: 2022-10-03 | B11: 2022-10-31 | C11: 39000 | D11: 39200 | E11: 2518.05 | F11: 25 | G11: 67951.25 | H11: =H10+G11 -> 334346.25 | I11: =MAX(I10,H11) -> 334346.25 | J11: =H11-I11 -> 0 | K11: =G11-0.005417 -> 67951.245
A12: 2022-11-01 | B12: 2022-11-30 | C12: 39500 | D12: 39700 | E12: 2016.25 | F12: 25 | G12: 55406.25 | H12: =H11+G12 -> 389752.5 | I12: =MAX(I11,H12) -> 389752.5 | J12: =H12-I12 -> 0 | K12: =G12-0.005417 -> 55406.245
A13: 2022-12-01 | B13: 2022-12-30 | C13: 41500 | D13: 41700 | E13: 2395.15 | F13: 25 | G13: 64878.75 | H13: =H12+G13 -> 454631.25 | I13: =MAX(I12,H13) -> 454631.25 | J13: =H13-I13 -> 0 | K13: =G13-0.005417 -> 64878.745
A14: 2023-01-02 | B14: 2023-01-31 | C14: 42500 | D14: 42700 | E14: 743.35 | F14: 25 | G14: -1416.25 | H14: =H13+G14 -> 453215 | I14: =MAX(I13,H14) -> 454631.25 | J14: =H14-I14 -> -1416.25 | K14: =G14-0.005417 -> -1416.2554
... A37: 2024-12-02 | B37: 2024-12-31 | C37: 51850 | D37: 52000 | E37: 2103.5 | F37: 15 | G37: 29302.5 | H37: =H36+G37 -> 913530.5 | I37: =MAX(I36,H37) -> 913530.5 | J37: =H37-I37 -> 0 | K37: =G37-0.005417 -> 29302.495

Sheet Summary & Cross-Check
B2: Covered Call Strategy - Metrics Cross-Check
C4: Risk-free rate assumed = 6.5% p.a. (0.5417% per month).
B6: Metric | C6: What it means | D6: Your Excel Result | E6: Python Output | F6: Match?
B7: Total P&L (₹) | C7: Sum of all 36 monthly P&Ls | D7: =SUM('Trade Data & Calculations'!G2:G37) -> 913530.5 | E7: 913530.5 | F7: =IF(E7="← Nalin fills this","⏳ Pending",IF(ABS(D7-E7)<ABS(D7)*0.01+1,"✓ Match","⚠ Check")) -> ✓ Match
B8: Win Rate | C8: % of months with positive P&L | D8: =COUNTIF('Trade Data & Calculations'!G2:G37,">0")/COUNT('Trade Data & Calculations'!G2:G37) -> 0.86111111 | E8: 0.86111111 | F8: =IF(E8="← Nalin fills this","⏳ Pending",IF(ABS(D8-E8)<ABS(D8)*0.01+1,"✓ Match","⚠ Check")) -> ✓ Match
B9: Max Drawdown (₹) | C9: Worst peak-to-trough loss | D9: =MIN('Trade Data & Calculations'!J2:J37) -> -31212.5 | E9: -31212.5 | F9: =IF(E9="← Nalin fills this","⏳ Pending",IF(ABS(D9-E9)<ABS(D9)*0.01+1,"✓ Match","⚠ Check")) -> ✓ Match
B10: Sharpe Ratio | C10: Return per unit of risk (annualised) | D10: =(AVERAGE('Trade Data & Calculations'!K2:K37)/STDEV('Trade Data & Calculations'!K2:K37))*SQRT(12) -> 3.1753631 | E10: 3.1753556 | F10: =IF(E10="← Nalin fills this","⏳ Pending",IF(ABS(D10-E10)<ABS(D10)*0.01+1,"✓ Match","⚠ Check")) -> ✓ Match
B11: Avg Monthly Return (₹) | C11: Average P&L per month | D11: =AVERAGE('Trade Data & Calculations'!G2:G37) -> 25375.847 | E11: 25375.847 | F11: =IF(E11="← Nalin fills this","⏳ Pending",IF(ABS(D11-E11)<ABS(D11)*0.01+1,"✓ Match","⚠ Check")) -> ✓ Match
